customer_id,recency,frequency,total_spent,avg_order_value,spending_std,total_items,avg_items,age,gender_num,category_diversity,clv_current,clv_potential,is_at_risk,value_tier,clv_predicted,churn_probability,churn_predicted,clv_score,engagement_score,risk_score,overall_score,customer_tier
3,70,4,1781.83,445.46,238.16,7,1.75,47,1,4,1781.83,2672.7599999999998,1,1,2677.282797619048,0.9752047889766468,1,30.0,61.0,98.0,31.0,Bronze
6,363,1,1969.04,1969.04,0.0,2,2.0,49,1,2,1969.04,3938.08,1,2,4229.199437698413,0.9879230429013711,1,48.0,38.0,99.0,31.0,Bronze
17,304,2,2348.88,1174.44,276.11,5,2.5,18,1,3,2348.88,4697.76,1,2,4688.862241593409,0.9478810137076107,1,53.0,54.0,95.0,39.0,Bronze
18,83,2,3100.53,1550.26,924.51,4,2.0,32,0,2,3100.53,6201.06,1,2,6194.700173809522,0.9561795588957035,1,71.0,43.0,96.0,43.0,Silver
19,73,3,2378.62,792.87,890.53,4,1.33,48,1,4,2378.62,4757.22,1,2,4750.2081603968245,0.9432231404958678,1,54.0,51.0,94.0,39.0,Bronze
21,320,2,2114.19,1057.1,1472.09,4,2.0,34,0,3,2114.19,4228.38,1,2,4217.308208391055,0.970455379532588,1,48.0,48.0,97.0,34.0,Bronze
22,106,4,2063.1,515.78,473.68,7,1.75,35,0,4,2063.1,3094.68,1,2,3096.5829739682545,0.9796133911271844,1,35.0,61.0,98.0,33.0,Bronze
38,116,4,1804.85,451.21,621.69,7,1.75,39,0,4,1804.85,2707.2599999999998,1,1,2707.8655569047633,0.9796133911271844,1,31.0,61.0,98.0,31.0,Bronze
39,143,3,2268.21,756.07,413.89,7,2.33,41,0,5,2268.21,4536.42,1,2,4544.775354963926,0.9579756340337056,1,52.0,68.0,96.0,42.0,Silver
42,191,4,1537.79,384.45,239.41,9,2.25,43,1,6,1537.79,2306.7,1,1,2307.2572512698416,0.9969843300287816,1,26.0,77.0,100.0,34.0,Bronze
46,176,3,2191.9,730.63,300.1,5,1.67,54,1,3,2191.9,4383.78,1,2,4389.675529437231,0.9881493417407593,1,50.0,50.0,99.0,35.0,Bronze
51,164,4,2044.05,511.01,273.32,9,2.25,41,1,5,2044.05,3066.06,1,2,3062.6977415079364,0.9807021965863661,1,35.0,72.0,98.0,36.0,Bronze
53,116,3,2278.43,759.48,565.47,5,1.67,43,0,4,2278.43,4556.86,1,2,4549.480810382394,0.9843964813288599,1,52.0,55.0,98.0,38.0,Bronze
54,110,4,2480.85,620.21,644.47,7,1.75,46,0,6,2480.85,3721.26,1,2,3722.3159050000013,0.957576508534833,1,42.0,72.0,96.0,40.0,Silver
57,197,4,2709.85,677.46,599.08,9,2.25,56,1,5,2709.85,4064.76,1,2,4074.417239004328,0.990788844183334,1,46.0,72.0,99.0,40.0,Silver
59,456,2,1511.77,755.88,102.92,5,2.5,27,0,3,1511.77,3023.54,1,1,3018.4001414935065,0.939868310298285,1,34.0,54.0,94.0,32.0,Bronze
60,92,2,2007.22,1003.61,182.36,6,3.0,20,0,5,2007.22,4014.44,1,2,4036.586993095239,0.8788291942581712,1,46.0,71.0,88.0,43.0,Silver
62,217,2,1363.8,681.9,893.98,2,1.0,52,1,2,1363.8,2727.6,1,1,2733.8981539682545,0.9932231404958678,1,31.0,32.0,99.0,22.0,Bronze
64,268,3,2069.59,689.86,618.1,5,1.67,30,1,4,2069.59,4139.16,1,2,4148.453768571429,0.9681493417407593,1,47.0,55.0,97.0,36.0,Bronze
65,86,3,1959.62,653.21,470.15,5,1.67,36,0,4,1959.62,3919.24,1,2,3925.2070558297287,0.9755163065083704,1,45.0,55.0,98.0,35.0,Bronze
71,78,4,4087.49,1021.87,691.61,8,2.0,25,1,5,4087.49,6131.22,1,2,6097.916549444442,0.9103730990336261,1,70.0,69.0,91.0,51.0,Silver
75,122,5,2603.85,520.77,300.61,9,1.8,27,1,4,2603.85,3124.62,1,2,3119.005586031748,0.9376411351123363,1,35.0,66.0,94.0,36.0,Bronze
77,382,2,1374.76,687.38,2.29,5,2.5,33,1,3,1374.76,2749.52,1,1,2762.956712008547,0.9588996344071117,1,31.0,54.0,96.0,30.0,Bronze
79,253,2,1364.36,682.18,125.36,5,2.5,57,1,3,1364.36,2728.72,1,1,2720.636761587302,0.9940019842048328,1,31.0,54.0,99.0,29.0,Bronze
80,87,3,2973.72,991.24,839.09,9,3.0,68,0,4,2973.72,5947.44,1,2,5970.423054365078,0.9459303178521786,1,68.0,70.0,95.0,50.0,Silver
81,242,2,1567.88,783.94,55.45,5,2.5,62,1,3,1567.88,3135.76,1,1,3139.3986234859585,0.9940019842048328,1,36.0,54.0,99.0,31.0,Bronze
82,109,6,3332.3,555.38,502.34,15,2.5,60,1,6,3332.3,3332.2799999999997,1,2,3333.3054074458896,0.9459399222042371,1,38.0,90.0,95.0,44.0,Silver
92,170,3,1702.55,567.52,48.23,7,2.33,43,1,5,1702.55,3405.1,1,1,3427.2280669841257,0.9604683633032903,1,39.0,68.0,96.0,37.0,Bronze
108,114,3,3836.4,1278.8,846.32,8,2.67,21,1,6,3836.4,7672.799999999999,1,2,7908.71559738095,0.9545753373866347,1,90.0,77.0,95.0,61.0,Gold
111,178,2,1577.4,788.7,31.64,4,2.0,52,0,3,1577.4,3154.8,1,1,3161.5807832539704,0.9765141403295913,1,36.0,48.0,98.0,29.0,Bronze
112,170,6,3500.47,583.41,688.7,14,2.33,52,1,5,3500.47,3500.46,1,2,3494.9159626190462,0.9465546218487395,1,40.0,82.0,95.0,42.0,Silver
118,289,3,3269.43,1089.81,827.75,6,2.0,56,1,2,3269.43,6538.86,1,2,6503.408253015874,0.9953238450170276,1,74.0,48.0,100.0,44.0,Silver
119,175,3,1992.72,664.24,492.34,7,2.33,41,0,4,1992.72,3985.44,1,2,3984.360705952379,0.990701528821225,1,45.0,62.0,99.0,37.0,Bronze
124,135,3,3249.87,1083.29,349.42,6,2.0,44,0,3,3249.87,6499.74,1,2,6482.0445260317465,0.9769422260189592,1,74.0,53.0,98.0,46.0,Silver
126,96,4,2407.52,601.88,227.36,8,2.0,61,1,5,2407.52,3611.2799999999997,1,2,3621.4689669841273,0.9835389518775212,1,41.0,69.0,98.0,38.0,Bronze
128,347,4,2712.29,678.07,735.08,9,2.25,61,0,5,2712.29,4068.42,1,2,4073.8606556709947,0.987145577065504,1,46.0,72.0,99.0,40.0,Silver
141,184,2,2714.1,1357.05,1656.48,5,2.5,43,1,4,2714.1,5428.2,1,2,5390.449491904762,0.9859807081538317,1,61.0,60.0,99.0,43.0,Silver
143,153,6,3431.86,571.98,594.93,13,2.17,25,1,6,3431.86,3431.88,1,2,3434.3349998412677,0.9532931378278957,1,39.0,86.0,95.0,43.0,Silver
145,133,3,1726.76,575.59,325.77,8,2.67,39,1,4,1726.76,3453.52,1,1,3446.9245074603177,0.9917449664429531,1,39.0,66.0,99.0,36.0,Bronze
150,128,4,1504.27,376.07,431.65,7,1.75,50,0,4,1504.27,2256.42,1,1,2259.523677142857,0.9796133911271844,1,25.0,61.0,98.0,29.0,Bronze
151,68,2,1675.21,837.6,176.42,5,2.5,18,1,2,1675.21,3350.42,1,1,3319.3619423809523,0.891764321541406,1,38.0,48.0,89.0,33.0,Bronze
153,237,1,1529.91,1529.91,0.0,3,3.0,66,0,3,1529.91,3059.82,1,1,3191.0366459740258,0.993467583826315,1,36.0,55.0,99.0,31.0,Bronze
156,162,3,3390.49,1130.16,1076.97,8,2.67,38,0,4,3390.49,6780.960000000001,1,2,6695.740056349206,0.9731650117247372,1,76.0,66.0,97.0,51.0,Silver
159,93,6,3047.35,507.89,486.83,13,2.17,44,1,6,3047.35,3047.34,1,2,3048.250002936508,0.9713719555618857,1,34.0,86.0,97.0,40.0,Silver
162,380,2,3075.28,1537.64,1470.71,5,2.5,53,0,3,3075.28,6150.56,1,2,6175.566667619046,0.9982627118644067,1,71.0,54.0,100.0,45.0,Silver
163,70,3,1638.32,546.11,630.56,5,1.67,31,0,4,1638.32,3276.64,1,1,3285.636525952379,0.9575975247824821,1,37.0,55.0,96.0,32.0,Bronze
169,72,7,3044.82,434.97,238.14,10,1.43,30,0,4,3044.82,2609.82,1,2,2621.7422369047626,0.8520183679512963,1,30.0,71.0,85.0,38.0,Bronze
176,90,2,1478.38,739.19,280.96,3,1.5,37,0,3,1478.38,2956.76,1,1,2956.919852936509,0.9720988293227671,1,33.0,43.0,97.0,27.0,Bronze
187,604,1,3091.63,3091.63,0.0,3,3.0,50,1,2,3091.63,6183.26,1,2,5459.158354126986,0.9965546218487396,1,62.0,49.0,100.0,40.0,Silver
189,135,3,2153.83,717.94,1104.27,4,1.33,49,1,3,2153.83,4307.64,1,2,4321.94537714286,0.9752601156069365,1,49.0,46.0,98.0,34.0,Bronze
190,137,2,2527.12,1263.56,43.05,3,1.5,68,1,2,2527.12,5054.24,1,2,5050.374785367964,0.9765546218487395,1,58.0,37.0,98.0,35.0,Bronze
191,184,2,1326.4,663.2,538.94,4,2.0,56,1,2,1326.4,2652.8,1,1,2643.2570557720064,0.9941637010676156,1,30.0,43.0,99.0,25.0,Bronze
199,229,4,1666.81,416.7,337.06,8,2.0,37,0,6,1666.81,2500.2,1,1,2492.572163506494,0.9969843300287816,1,28.0,75.0,100.0,34.0,Bronze
200,66,7,4206.99,601.0,809.71,15,2.14,29,0,5,4206.99,3606.0,1,2,3614.100591746032,0.9638560347807619,1,41.0,85.0,96.0,43.0,Silver
201,321,1,2031.85,2031.85,0.0,2,2.0,26,0,2,2031.85,4063.7,1,2,4195.079894841271,0.9781201634292355,1,48.0,38.0,98.0,31.0,Bronze
210,139,3,1490.11,496.7,300.69,7,2.33,42,0,4,1490.11,2980.2,1,1,2974.0994150793663,0.990701528821225,1,34.0,62.0,99.0,32.0,Bronze
217,189,4,2333.59,583.4,297.93,8,2.0,61,0,5,2333.59,3500.3999999999996,1,2,3495.7181730952375,0.9935389518775212,1,40.0,69.0,99.0,37.0,Bronze
218,83,1,1407.42,1407.42,0.0,3,3.0,21,1,3,1407.42,2814.84,1,1,2889.8287963492066,0.9799702041362097,1,33.0,55.0,98.0,30.0,Bronze
227,153,3,1362.25,454.08,286.94,6,2.0,37,1,4,1362.25,2724.48,1,1,2727.244020670996,0.9802323867895316,1,31.0,59.0,98.0,31.0,Bronze
229,85,2,1353.3,676.65,890.28,4,2.0,31,0,3,1353.3,2706.6,1,1,2705.8801165873024,0.9702238541915986,1,31.0,48.0,97.0,28.0,Bronze
239,172,1,1439.67,1439.67,0.0,3,3.0,69,1,2,1439.67,2879.34,1,1,2955.5655556349207,1.0,1,33.0,49.0,100.0,28.0,Bronze
240,179,3,2039.0,679.67,665.82,7,2.33,49,0,4,2039.0,4078.0,1,2,4076.1922006709938,0.990701528821225,1,46.0,62.0,99.0,37.0,Bronze
253,187,4,2132.74,533.18,358.5,8,2.0,66,1,4,2132.74,3199.08,1,2,3193.0891852813843,0.9771847215112968,1,36.0,63.0,98.0,34.0,Bronze
257,63,7,3330.84,475.83,393.05,14,2.0,26,0,6,3330.84,2854.98,1,2,2859.4334928571434,0.9583533160764718,1,32.0,89.0,96.0,41.0,Silver
261,198,2,1439.82,719.91,981.48,4,2.0,64,1,3,1439.82,2879.64,1,1,2869.1940707142853,0.9906572409985892,1,32.0,48.0,99.0,28.0,Bronze
264,109,2,1352.82,676.41,10.54,6,3.0,19,1,4,1352.82,2705.64,1,1,2720.930846349207,0.9585105060257229,1,31.0,65.0,96.0,33.0,Bronze
269,292,2,1474.11,737.06,771.88,3,1.5,40,0,2,1474.11,2948.22,1,1,2954.56510388889,0.9914825808993565,1,33.0,37.0,99.0,25.0,Bronze
272,108,2,1377.45,688.72,691.37,5,2.5,49,1,5,1377.45,2754.9,1,1,2767.943357246643,0.9502756330321053,1,31.0,65.0,95.0,33.0,Bronze
273,207,2,1956.33,978.16,72.41,6,3.0,43,1,4,1956.33,3912.66,1,2,3913.7094084065943,0.9694629627323779,1,44.0,65.0,97.0,38.0,Bronze
276,148,5,2647.92,529.58,287.61,10,2.0,67,1,6,2647.92,3177.4800000000005,1,2,3175.8457095454546,0.9872471817159851,1,36.0,79.0,99.0,38.0,Bronze
278,356,2,1807.11,903.56,1199.4,2,1.0,65,0,2,1807.11,3614.22,1,1,3674.6396994444435,0.9930025971833035,1,42.0,32.0,99.0,27.0,Bronze
280,326,3,1427.05,475.68,656.98,3,1.0,48,0,3,1427.05,2854.08,1,1,2856.154546190477,0.9685085403726709,1,32.0,42.0,97.0,26.0,Bronze
283,233,3,1544.69,514.9,320.17,6,2.0,69,0,3,1544.69,3089.38,1,1,3094.542897777778,0.9822058269618583,1,35.0,53.0,98.0,30.0,Bronze
286,151,3,1434.31,478.1,236.27,7,2.33,42,0,5,1434.31,2868.6000000000004,1,1,2863.9291628571436,0.9866421785862255,1,32.0,68.0,99.0,34.0,Bronze
296,62,7,3514.54,502.08,325.34,14,2.0,47,0,5,3514.54,3012.48,1,2,3009.4923484127,0.947984243697479,1,34.0,83.0,95.0,40.0,Silver
301,508,3,2600.11,866.7,1017.75,5,1.67,62,0,4,2600.11,5200.200000000001,1,2,5183.960150238094,0.9905919671743075,1,59.0,55.0,99.0,40.0,Silver
303,405,3,1368.85,456.28,287.85,6,2.0,45,1,3,1368.85,2737.68,1,1,2735.9199509090918,0.9938045141545524,1,31.0,53.0,99.0,29.0,Bronze
307,82,2,2239.74,1119.87,1054.06,3,1.5,35,1,2,2239.74,4479.48,1,2,4527.629696984126,0.9739245685114685,1,52.0,37.0,97.0,33.0,Bronze
314,101,4,2652.62,663.16,429.08,9,2.25,58,1,4,2652.62,3978.96,1,2,3985.0130459523793,0.985663844183334,1,45.0,66.0,99.0,38.0,Bronze
317,113,1,1422.3,1422.3,0.0,1,1.0,48,0,1,1422.3,2844.6,1,1,2864.5945284920635,0.9718931818181819,1,32.0,21.0,97.0,20.0,Bronze
321,153,2,2280.56,1140.28,329.19,5,2.5,39,1,2,2280.56,4561.12,1,2,4572.544111428571,0.9810814639185773,1,52.0,48.0,98.0,36.0,Bronze
330,166,3,1790.81,596.94,439.27,6,2.0,67,0,4,1790.81,3581.62,1,1,3571.591987936508,0.99,1,40.0,59.0,99.0,34.0,Bronze
331,114,6,5086.93,847.82,885.77,10,1.67,33,1,6,5086.93,5086.92,1,2,5071.29862460817,0.9647578637496156,1,58.0,80.0,96.0,48.0,Silver
332,198,5,4236.34,847.27,889.53,13,2.6,44,1,6,4236.34,5083.62,1,2,5071.29862460817,0.9102555479032752,1,58.0,86.0,91.0,52.0,Silver
339,121,2,3159.84,1579.92,975.58,3,1.5,68,1,2,3159.84,6319.68,1,2,6133.3193142857135,0.9679230429013711,1,70.0,37.0,97.0,40.0,Silver
346,78,1,1481.22,1481.22,0.0,1,1.0,35,0,1,1481.22,2962.44,1,1,2950.189016608946,0.97566415420023,1,33.0,21.0,98.0,20.0,Bronze
352,187,3,2663.37,887.79,558.02,4,1.33,67,0,2,2663.37,5326.74,1,2,5255.209012460317,0.9938805970149254,1,60.0,40.0,99.0,36.0,Bronze
353,159,5,2412.76,482.55,317.81,9,1.8,44,0,5,2412.76,2895.3,1,2,2901.5835185714286,0.9556025947878907,1,33.0,72.0,96.0,36.0,Bronze
355,437,2,1593.61,796.8,660.67,3,1.5,52,0,3,1593.61,3187.22,1,1,3205.1862515873036,0.9762505639149442,1,36.0,43.0,98.0,28.0,Bronze
371,234,2,1330.14,665.07,828.43,4,2.0,30,0,2,1330.14,2660.28,1,1,2651.4786628138536,0.977138415926034,1,30.0,43.0,98.0,26.0,Bronze
376,76,4,2833.18,708.3,349.58,9,2.25,19,1,4,2833.18,4249.799999999999,1,2,4245.709880238094,0.8821572652359656,1,48.0,66.0,88.0,43.0,Silver
379,105,6,2790.47,465.08,271.42,9,1.5,52,0,5,2790.47,2790.48,1,2,2786.226185238096,0.9729643451024873,1,31.0,73.0,97.0,35.0,Bronze
387,215,4,1581.62,395.4,251.65,9,2.25,57,1,4,1581.62,2372.3999999999996,1,1,2370.91218984127,0.9723540560904983,1,27.0,66.0,97.0,32.0,Bronze
406,110,7,3269.13,467.02,792.1,10,1.43,22,0,5,3269.13,2802.12,1,2,2800.8936297619052,0.9244257753587035,1,32.0,77.0,92.0,38.0,Bronze
421,180,2,1984.09,992.04,1319.06,2,1.0,33,1,2,1984.09,3968.18,1,2,3910.2460278571434,0.9908975697881607,1,44.0,32.0,99.0,28.0,Bronze
422,231,2,1390.81,695.4,704.0,5,2.5,52,1,3,1390.81,2781.62,1,1,2780.571730183151,0.9760175845811174,1,31.0,54.0,98.0,29.0,Bronze
423,141,2,2529.4,1264.7,287.09,4,2.0,43,1,3,2529.4,5058.8,1,2,5095.886238701298,0.9713755639149444,1,58.0,48.0,97.0,38.0,Bronze
426,364,5,3238.37,647.67,373.47,12,2.4,43,1,6,3238.37,3886.0199999999995,1,2,3877.653911702744,0.8940057680631451,1,44.0,84.0,89.0,46.0,Silver
437,111,1,1513.78,1513.78,0.0,1,1.0,68,0,1,1513.78,3027.56,1,1,3031.6258099422803,0.9897947512151555,1,34.0,21.0,99.0,20.0,Bronze
441,226,3,2230.17,743.39,775.23,7,2.33,37,0,4,2230.17,4460.34,1,2,4459.448259278501,0.9849786973157414,1,51.0,62.0,98.0,40.0,Silver
446,226,4,1363.19,340.8,177.87,8,2.0,33,1,5,1363.19,2044.8000000000002,1,1,2042.6454160317464,0.9674790560904983,1,23.0,69.0,97.0,31.0,Bronze
453,124,4,2599.43,649.86,992.17,8,2.0,45,0,5,2599.43,3899.16,1,2,3899.2837183694105,0.990788844183334,1,44.0,69.0,99.0,39.0,Bronze
454,480,1,1616.26,1616.26,0.0,3,3.0,47,0,2,1616.26,3232.52,1,1,3334.768592164503,0.9985090909090908,1,38.0,49.0,100.0,30.0,Bronze
460,259,3,1477.95,492.65,539.11,8,2.67,51,0,5,1477.95,2955.8999999999996,1,1,2956.256992698413,0.9906749654714713,1,33.0,72.0,99.0,35.0,Bronze
461,98,2,2715.18,1357.59,1420.25,5,2.5,52,1,4,2715.18,5430.36,1,2,5400.250625238095,0.9699403932937105,1,62.0,60.0,97.0,44.0,Silver
476,118,6,4123.33,687.22,618.36,10,1.67,31,1,4,4123.33,4123.32,1,2,4142.399486904764,0.9453392374083002,1,47.0,69.0,95.0,41.0,Silver
479,74,2,1598.9,799.45,594.62,4,2.0,61,1,2,1598.9,3197.8,1,1,3208.2046668253984,0.9867330677290836,1,36.0,43.0,99.0,28.0,Bronze
483,162,3,1452.2,484.07,287.67,6,2.0,35,0,5,1452.2,2904.4,1,1,2904.7670112698415,0.9738045141545524,1,33.0,64.0,97.0,33.0,Bronze
485,113,4,3319.23,829.81,450.84,8,2.0,33,0,5,3319.23,4978.86,1,2,4979.483052301588,0.9535158479401763,1,57.0,69.0,95.0,45.0,Silver
486,155,4,2318.85,579.71,529.5,6,1.5,44,1,5,2318.85,3478.26,1,2,3482.4007685714278,0.9394976908008428,1,39.0,63.0,94.0,36.0,Bronze
487,189,2,1620.39,810.2,861.97,6,3.0,56,1,4,1620.39,3240.78,1,1,3328.906127851038,0.9688769842048327,1,38.0,65.0,97.0,36.0,Bronze
488,318,4,2882.28,720.57,695.7,8,2.0,39,0,4,2882.28,4323.42,1,2,4320.213982142861,0.977473420085258,1,49.0,63.0,98.0,39.0,Bronze
492,140,3,1580.88,526.96,387.63,8,2.67,65,0,5,1580.88,3161.76,1,1,3157.791444523811,0.9771212464632069,1,36.0,72.0,98.0,37.0,Bronze
493,76,2,2031.24,1015.62,1026.1,6,3.0,48,1,3,2031.24,4062.48,1,2,4074.9748236446903,0.943791552405795,1,46.0,60.0,94.0,38.0,Bronze
495,187,3,2295.95,765.32,859.85,7,2.33,55,0,4,2295.95,4591.9,1,2,4562.394461414142,0.9938859948406424,1,52.0,62.0,99.0,40.0,Silver
503,144,2,1926.99,963.5,143.27,5,2.5,41,0,4,1926.99,3853.98,1,2,3855.7488824542124,0.9475309785607061,1,44.0,60.0,95.0,37.0,Bronze
518,175,4,3007.19,751.8,935.28,9,2.25,67,1,6,3007.19,4510.799999999999,1,2,4505.58148261905,0.9831164055004797,1,51.0,77.0,98.0,44.0,Silver
524,96,4,1570.35,392.59,375.27,8,2.0,52,1,5,1570.35,2355.54,1,1,2352.603181746033,0.9730704539399607,1,26.0,69.0,97.0,32.0,Bronze
532,172,5,1612.35,322.47,219.48,11,2.2,63,1,4,1612.35,1934.8200000000002,1,1,1927.498035079365,0.9345512823834287,1,22.0,70.0,93.0,32.0,Bronze
539,110,7,2687.33,383.9,327.14,15,2.14,57,0,6,2687.33,2303.3999999999996,1,2,2306.0476362698414,0.9650637127578304,1,26.0,90.0,97.0,38.0,Bronze
550,181,3,2451.21,817.07,937.32,5,1.67,57,1,5,2451.21,4902.42,1,2,4897.685304761904,0.960528556800558,1,56.0,61.0,96.0,42.0,Silver
554,71,2,1645.03,822.52,819.67,5,2.5,53,1,2,1645.03,3290.06,1,1,3309.3187649938936,0.9748749999999999,1,37.0,48.0,97.0,30.0,Bronze
555,215,4,3107.21,776.8,783.21,9,2.25,50,0,3,3107.21,4660.799999999999,1,2,4627.074965202021,0.9276864017131886,1,53.0,61.0,93.0,42.0,Silver
562,108,4,1615.12,403.78,222.86,7,1.75,23,0,5,1615.12,2422.68,1,1,2430.898220158729,0.9429776589016293,1,27.0,66.0,94.0,32.0,Bronze
569,245,5,4788.89,957.78,867.9,9,1.8,37,1,3,4788.89,5746.68,1,2,5751.885684999999,0.8972115487808368,1,66.0,60.0,90.0,47.0,Silver
572,189,4,1374.53,343.63,342.92,7,1.75,33,0,4,1374.53,2061.7799999999997,1,1,2066.2604266666663,0.9709818121798159,1,23.0,61.0,97.0,28.0,Bronze
575,211,4,1852.62,463.16,382.49,8,2.0,23,0,6,1852.62,2778.96,1,2,2783.8280880952384,0.9788990412201173,1,31.0,75.0,98.0,36.0,Bronze
578,115,6,5799.72,966.62,827.72,14,2.33,62,0,5,5799.72,5799.72,1,2,5808.209031190474,0.8967353652446771,1,66.0,82.0,90.0,54.0,Silver
580,79,3,1641.36,547.12,324.24,5,1.67,30,1,2,1641.36,3282.72,1,1,3287.758712619046,1.0,1,37.0,44.0,100.0,28.0,Bronze
587,109,3,1703.45,567.82,428.08,8,2.67,34,0,4,1703.45,3406.9,1,1,3420.152214040402,0.9979187817258883,1,39.0,66.0,100.0,35.0,Bronze
592,182,2,2143.37,1071.68,450.05,3,1.5,59,1,2,2143.37,4286.74,1,2,4313.224513189032,0.9920583042704769,1,49.0,37.0,99.0,31.0,Bronze
594,259,1,1550.24,1550.24,0.0,3,3.0,20,1,2,1550.24,3100.48,1,1,3233.0069471645024,0.9858431233495476,1,37.0,49.0,99.0,30.0,Bronze
599,137,4,2724.45,681.11,155.09,9,2.25,21,0,6,2724.45,4086.66,1,2,4077.4809028138516,0.9746522450071242,1,46.0,77.0,97.0,42.0,Silver
605,87,2,1965.75,982.88,575.48,4,2.0,53,1,4,1965.75,3931.5,1,2,3890.05238047619,0.9650197870832325,1,44.0,54.0,97.0,35.0,Bronze
608,142,4,4765.62,1191.4,1600.42,9,2.25,59,0,4,4765.62,7148.400000000001,1,2,7192.756432063492,0.9654778393228086,1,82.0,66.0,97.0,54.0,Silver
614,132,3,1338.31,446.1,377.43,6,2.0,45,1,4,1338.31,2676.6000000000004,1,1,2678.2553919047623,0.9923136050636433,1,30.0,59.0,99.0,30.0,Bronze
616,108,2,1502.53,751.26,590.4,5,2.5,68,0,4,1502.53,3005.06,1,1,3013.5977895887445,0.9714114854723978,1,34.0,60.0,97.0,32.0,Bronze
622,137,6,2385.5,397.58,212.32,13,2.17,49,1,6,2385.5,2385.48,1,2,2389.803340714286,0.9731092436974791,1,27.0,86.0,97.0,38.0,Bronze
626,135,4,1312.19,328.05,539.54,6,1.5,46,0,4,1312.19,1968.3000000000002,1,1,1966.8368950793647,0.975808876972632,1,22.0,58.0,98.0,27.0,Bronze
627,188,2,1806.09,903.04,899.73,4,2.0,22,1,3,1806.09,3612.18,1,1,3639.5969113492056,0.9597931005470985,1,41.0,48.0,96.0,32.0,Bronze
648,472,3,2784.61,928.2,354.69,7,2.33,26,0,5,2784.61,5569.200000000001,1,2,5582.343838333334,0.9385184091892517,1,64.0,68.0,94.0,48.0,Silver
652,97,4,2851.06,712.76,651.92,9,2.25,27,0,4,2851.06,4276.5599999999995,1,2,4265.594015,0.9588418411378895,1,48.0,66.0,96.0,40.0,Silver
653,89,5,3643.22,728.64,624.23,9,1.8,46,1,5,3643.22,4371.84,1,2,4382.751123809525,0.9388650356147159,1,50.0,72.0,94.0,43.0,Silver
658,107,5,3790.93,758.19,477.34,10,2.0,41,1,5,3790.93,4549.14,1,2,4551.31278109668,0.9627100264493439,1,52.0,74.0,96.0,44.0,Silver
660,227,2,1665.88,832.94,848.42,4,2.0,37,1,4,1665.88,3331.76,1,1,3318.35278952381,0.9582233294338782,1,38.0,54.0,96.0,33.0,Bronze
662,78,7,3151.97,450.28,366.56,13,1.86,60,1,6,3151.97,2701.68,1,2,2701.8743600000003,0.9700990844098833,1,30.0,87.0,97.0,39.0,Bronze
671,112,4,1695.25,423.81,306.87,9,2.25,64,1,5,1695.25,2542.86,1,1,2546.715631919192,0.9736745419359459,1,29.0,72.0,97.0,34.0,Bronze
680,147,4,3461.14,865.28,499.55,8,2.0,45,1,4,3461.14,5191.68,1,2,5201.675194422799,0.9618336161545207,1,59.0,63.0,96.0,44.0,Silver
682,99,3,1443.72,481.24,400.95,6,2.0,51,0,3,1443.72,2887.44,1,1,2894.7303685714282,0.9938045141545524,1,33.0,53.0,99.0,29.0,Bronze
684,266,4,3029.12,757.28,882.63,10,2.5,38,0,5,3029.12,4543.68,1,2,4545.80504067821,0.8537353469571076,1,52.0,75.0,85.0,48.0,Silver
686,106,3,1329.27,443.09,430.4,5,1.67,25,1,3,1329.27,2658.54,1,1,2658.315952142857,0.9740141959566775,1,30.0,50.0,97.0,28.0,Bronze
688,112,5,2814.56,562.91,600.09,11,2.2,35,0,5,2814.56,3377.46,1,2,3403.3550340404017,0.9525776529451366,1,39.0,76.0,95.0,40.0,Silver
694,67,2,1658.32,829.16,543.99,4,2.0,65,1,3,1658.32,3316.64,1,1,3319.913736190477,0.9806572409985893,1,38.0,48.0,98.0,30.0,Bronze
695,81,5,4314.28,862.86,631.52,10,2.0,63,1,5,4314.28,5177.16,1,2,5185.701492279942,0.9654341652911076,1,59.0,74.0,97.0,47.0,Silver
698,100,4,1897.98,474.5,252.04,8,2.0,20,0,5,1897.98,2847.0,1,2,2855.871722619048,0.9327675816941272,1,32.0,69.0,93.0,36.0,Bronze
701,111,4,1484.38,371.1,249.61,8,2.0,62,0,4,1484.38,2226.6000000000004,1,1,2232.8786623015876,0.993674541935946,1,25.0,63.0,99.0,29.0,Bronze
704,85,3,3522.77,1174.26,890.38,6,2.0,45,0,4,3522.77,7045.54,1,2,7053.740242301589,0.9769422260189592,1,81.0,59.0,98.0,51.0,Silver
707,305,2,3437.97,1718.98,1963.87,6,3.0,22,0,5,3437.97,6875.94,1,2,6480.428680634921,0.8937288060493864,1,74.0,71.0,89.0,54.0,Silver
711,97,2,1314.67,657.34,85.75,6,3.0,19,0,5,1314.67,2629.34,1,1,2636.174222835498,0.9531618784211162,1,30.0,71.0,95.0,35.0,Bronze
713,86,5,1941.54,388.31,330.53,11,2.2,55,1,5,1941.54,2329.86,1,2,2325.196704285715,0.9872688749760212,1,26.0,76.0,99.0,34.0,Bronze
718,127,6,2631.82,438.64,428.06,12,2.0,61,0,6,2631.82,2631.84,1,2,2631.2531592857144,0.9324815721778944,1,30.0,84.0,93.0,39.0,Bronze
722,113,2,1545.5,772.75,650.35,6,3.0,35,1,3,1545.5,3091.0,1,1,3116.8594280097673,0.9779387668471273,1,35.0,60.0,98.0,33.0,Bronze
727,259,3,1902.21,634.07,332.12,7,2.33,48,0,5,1902.21,3804.42,1,2,3797.996004285715,0.9938859948406424,1,43.0,68.0,99.0,38.0,Bronze
729,131,2,1775.02,887.51,847.16,3,1.5,20,0,3,1775.02,3550.04,1,1,3546.6370678571416,0.955220817687125,1,40.0,43.0,96.0,30.0,Bronze
731,120,4,2545.97,636.49,618.0,9,2.25,66,1,4,2545.97,3818.94,1,2,3808.2333847619057,0.9918593300287816,1,43.0,66.0,99.0,37.0,Bronze
732,133,3,2660.67,886.89,935.76,7,2.33,38,1,4,2660.67,5321.34,1,2,5334.650598809522,0.9725871795577072,1,61.0,62.0,97.0,44.0,Silver
737,261,3,2571.06,857.02,1146.63,6,2.0,67,1,5,2571.06,5142.12,1,2,5163.498307279941,0.9685394828791055,1,59.0,64.0,97.0,44.0,Silver
756,87,4,2121.32,530.33,605.79,5,1.25,40,1,4,2121.32,3181.9800000000005,1,2,3184.4913707575756,0.9656505501487364,1,36.0,55.0,97.0,32.0,Bronze
759,111,3,2409.96,803.32,895.69,4,1.33,65,1,3,2409.96,4819.92,1,2,4780.567032301586,0.9652601156069364,1,54.0,46.0,97.0,36.0,Bronze
766,69,4,1600.06,400.02,367.42,9,2.25,42,1,5,1600.06,2400.12,1,1,2397.112875476191,0.9674790560904983,1,27.0,72.0,97.0,33.0,Bronze
771,327,3,3166.98,1055.66,743.48,7,2.33,43,1,4,3166.98,6333.96,1,2,6325.294732857143,0.9825871795577072,1,72.0,62.0,98.0,48.0,Silver
782,289,3,1933.64,644.55,160.28,7,2.33,34,1,5,1933.64,3867.28,1,2,3876.4881441269863,0.9818466100996787,1,44.0,68.0,98.0,39.0,Bronze
789,81,3,2765.35,921.78,749.23,6,2.0,61,0,4,2765.35,5530.68,1,2,5521.158673650794,0.9782627118644068,1,63.0,59.0,98.0,44.0,Silver
790,68,4,1786.71,446.68,413.57,8,2.0,40,0,4,1786.71,2680.08,1,1,2677.848634761905,0.9698864634979059,1,30.0,63.0,97.0,32.0,Bronze
794,188,4,1305.21,326.3,315.91,5,1.25,49,0,4,1305.21,1957.8000000000002,1,1,1965.1529936507934,0.9665712339246119,1,22.0,55.0,97.0,26.0,Bronze
805,169,2,2109.62,1054.81,1030.72,6,3.0,60,1,4,2109.62,4219.24,1,2,4222.943222511934,0.9788121107871113,1,48.0,65.0,98.0,39.0,Bronze
808,68,3,2046.24,682.08,532.07,6,2.0,41,1,5,2046.24,4092.48,1,2,4079.0624944805186,0.9238045141545524,1,46.0,64.0,92.0,40.0,Silver
816,112,2,2167.42,1083.71,258.39,5,2.5,58,0,4,2167.42,4334.84,1,2,4335.994532474747,0.975952702922148,1,49.0,60.0,98.0,38.0,Bronze
818,112,2,1438.45,719.22,577.22,3,1.5,39,0,2,1438.45,2876.9,1,1,2863.2159611904754,0.9914825808993565,1,32.0,37.0,99.0,24.0,Bronze
822,105,2,1536.58,768.29,37.02,6,3.0,55,1,4,1536.58,3073.16,1,1,3113.357473009767,0.9788769842048327,1,35.0,65.0,98.0,34.0,Bronze
834,568,2,1484.77,742.38,430.92,4,2.0,51,0,3,1484.77,2969.54,1,1,2964.539804603175,0.9765141403295913,1,33.0,48.0,98.0,28.0,Bronze
836,464,3,2071.05,690.35,542.17,8,2.67,58,1,4,2071.05,4142.1,1,2,4144.821776904764,0.9895071284112756,1,47.0,66.0,99.0,39.0,Bronze
843,136,3,3014.48,1004.83,822.99,7,2.33,58,1,4,3014.48,6028.96,1,2,6019.19887269841,0.987126201030162,1,69.0,62.0,99.0,46.0,Silver
845,70,4,3495.12,873.78,690.7,9,2.25,51,1,5,3495.12,5242.68,1,2,5224.447249920634,0.9295640522819565,1,60.0,72.0,93.0,48.0,Silver
850,253,1,1927.19,1927.19,0.0,3,3.0,29,1,2,1927.19,3854.38,1,2,4297.59988793651,0.9931092436974791,1,49.0,49.0,99.0,35.0,Bronze
852,137,6,3006.05,501.01,319.91,15,2.5,51,0,5,3006.05,3006.06,1,2,3008.1182984127,0.9445915615484993,1,34.0,84.0,94.0,41.0,Silver
854,136,2,2088.32,1044.16,1270.76,3,1.5,60,1,3,2088.32,4176.64,1,2,4200.614275122656,0.9662481584017317,1,48.0,43.0,97.0,33.0,Bronze
857,80,4,2418.02,604.5,340.15,9,2.25,64,1,4,2418.02,3627.0,1,2,3624.3615269841275,0.9650824705246493,1,41.0,66.0,97.0,37.0,Bronze
859,92,3,2008.56,669.52,762.17,5,1.67,27,0,4,2008.56,4017.12,1,2,4011.4835597186134,0.9700049321898895,1,46.0,55.0,97.0,36.0,Bronze
863,172,2,1569.25,784.62,520.62,4,2.0,36,1,3,1569.25,3138.5,1,1,3140.1190403174614,0.9810810712909516,1,36.0,48.0,98.0,29.0,Bronze
867,128,2,2139.65,1069.82,1045.58,4,2.0,67,0,3,2139.65,4279.3,1,2,4306.071087633476,0.9486951963092719,1,49.0,48.0,95.0,36.0,Bronze
868,185,4,4856.0,1214.0,954.47,9,2.25,68,1,5,4856.0,7284.0,1,2,7276.79229111111,0.9366099795698039,1,83.0,72.0,94.0,57.0,Silver
870,89,4,5489.1,1372.28,1207.1,9,2.25,18,0,5,5489.1,8233.68,1,2,7970.199529126981,0.8802491329176924,1,91.0,72.0,88.0,62.0,Gold
872,168,3,2833.29,944.43,766.27,7,2.33,63,1,5,2833.29,5666.58,1,2,5652.554478095238,0.972416063387106,1,64.0,68.0,97.0,47.0,Silver
875,244,2,1464.75,732.38,912.67,4,2.0,24,1,4,1464.75,2929.5,1,1,2947.560707698414,0.955202855440029,1,33.0,54.0,96.0,31.0,Bronze
877,137,4,1321.08,330.27,317.93,7,1.75,23,0,4,1321.08,1981.62,1,1,1975.9784430952368,0.9454782453431023,1,22.0,61.0,95.0,29.0,Bronze
879,163,1,2140.82,2140.82,0.0,3,3.0,31,1,2,2140.82,4281.64,1,2,4326.708311269843,0.9931092436974791,1,49.0,49.0,99.0,35.0,Bronze
883,63,4,1657.96,414.49,382.9,7,1.75,35,1,4,1657.96,2486.94,1,1,2492.007963506494,0.9410841859615714,1,28.0,61.0,94.0,31.0,Bronze
884,225,7,3008.17,429.74,518.66,11,1.57,33,1,5,3008.17,2578.44,1,2,2569.022831428571,0.9423855042016805,1,29.0,79.0,94.0,37.0,Bronze
890,95,2,1720.49,860.24,6.71,5,2.5,56,0,4,1720.49,3440.98,1,1,3493.3403681684968,0.9801994991351408,1,40.0,60.0,98.0,35.0,Bronze
897,64,4,2806.01,701.5,651.5,8,2.0,69,1,5,2806.01,4209.0,1,2,4204.979952142859,0.9222870881548602,1,48.0,69.0,92.0,42.0,Silver
900,113,5,3395.9,679.18,345.58,9,1.8,38,1,5,3395.9,4075.08,1,2,4077.9632799567084,0.9427329601430178,1,46.0,72.0,94.0,42.0,Silver
905,151,4,1414.24,353.56,437.57,8,2.0,54,1,5,1414.24,2121.36,1,1,2119.9344649999994,0.9730704539399607,1,24.0,69.0,97.0,31.0,Bronze
909,181,5,2429.58,485.92,303.37,8,1.6,35,1,4,2429.58,2915.52,1,2,2912.368258571429,0.9584493034576844,1,33.0,64.0,96.0,34.0,Bronze
910,300,3,1338.04,446.01,528.7,7,2.33,43,0,4,1338.04,2676.06,1,1,2677.558905238095,0.9838859948406424,1,30.0,62.0,98.0,31.0,Bronze
915,146,4,1957.73,489.43,276.15,9,2.25,66,1,5,1957.73,2936.58,1,2,2927.540448492064,0.9868976824318137,1,33.0,72.0,99.0,35.0,Bronze
918,104,7,6597.79,942.54,672.18,13,1.86,27,0,5,6597.79,5655.24,1,2,5650.856145238094,0.8755032037870069,1,64.0,82.0,88.0,54.0,Silver
920,390,1,3014.66,3014.66,0.0,3,3.0,47,0,2,3014.66,6029.32,1,2,5412.095180793652,0.9950637127578303,1,62.0,49.0,100.0,40.0,Silver
921,204,2,3341.11,1670.56,1970.6,5,2.5,36,1,3,3341.11,6682.22,1,2,6483.7248906349205,0.9761857547657778,1,74.0,54.0,98.0,46.0,Silver
923,408,1,1471.97,1471.97,0.0,2,2.0,65,1,2,1471.97,2943.94,1,1,3034.949196132756,0.9853281061925103,1,34.0,38.0,99.0,25.0,Bronze
936,385,2,2102.44,1051.22,1450.84,4,2.0,53,1,3,2102.44,4204.88,1,2,4212.754908867245,0.9741693456408327,1,48.0,48.0,97.0,34.0,Bronze
937,89,6,4204.5,700.75,432.87,12,2.0,65,1,6,4204.5,4204.5,1,2,4209.283505714286,0.933109243697479,1,48.0,84.0,93.0,47.0,Silver
939,158,2,1503.38,751.69,925.05,5,2.5,31,1,4,1503.38,3006.76,1,1,3013.6712162554113,0.9792457102840285,1,34.0,60.0,98.0,32.0,Bronze
941,61,4,3476.1,869.02,341.36,11,2.75,67,1,5,3476.1,5214.12,1,2,5216.478198253967,0.8168521818898823,1,59.0,77.0,82.0,52.0,Silver
950,66,5,1383.01,276.6,351.83,7,1.4,18,1,4,1383.01,1659.6000000000001,1,1,1659.40032482684,0.7588123016536414,1,18.0,62.0,76.0,33.0,Bronze
951,311,4,3613.48,903.37,608.15,8,2.0,19,1,5,3613.48,5420.22,1,2,5448.684740793651,0.9403425557578647,1,62.0,69.0,94.0,47.0,Silver
952,71,7,2966.75,423.82,328.64,15,2.14,21,1,6,2966.75,2542.92,1,2,2546.5046252525253,0.9665546218487395,1,29.0,90.0,97.0,40.0,Silver
954,89,4,1463.69,365.92,469.36,6,1.5,64,1,4,1463.69,2195.52,1,1,2197.3970067532464,0.946566291516663,1,25.0,58.0,95.0,29.0,Bronze
960,84,4,1840.1,460.02,444.18,9,2.25,65,0,5,1840.1,2760.12,1,2,2767.2925180519487,0.976430725681529,1,31.0,72.0,98.0,35.0,Bronze
967,425,2,1327.91,663.96,421.92,3,1.5,51,0,2,1327.91,2655.82,1,1,2651.42897448052,0.9929343157602694,1,30.0,37.0,99.0,23.0,Bronze
973,120,5,3660.21,732.04,443.03,9,1.8,60,0,4,3660.21,4392.24,1,2,4392.422306103897,0.961617247830783,1,50.0,66.0,96.0,41.0,Silver
978,213,3,4230.23,1410.08,1142.75,6,2.0,63,1,5,4230.23,8460.46,1,2,7914.103718333336,0.9475004965243297,1,91.0,64.0,95.0,57.0,Silver
988,87,2,1388.63,694.32,501.61,4,2.0,22,1,3,1388.63,2777.26,1,1,2776.5361801831514,0.948363478698359,1,31.0,48.0,95.0,28.0,Bronze
989,221,1,1350.3,1350.3,0.0,3,3.0,22,0,3,1350.3,2700.6,1,1,2816.6351721500714,0.9936042950453006,1,32.0,55.0,99.0,30.0,Bronze
990,280,4,3849.72,962.43,1060.45,6,1.5,27,1,4,3849.72,5774.58,1,2,5769.115466428569,0.9405826428795814,1,66.0,58.0,94.0,46.0,Silver
996,315,2,4232.32,2116.16,2408.83,5,2.5,24,0,3,4232.32,8464.64,1,2,6484.86307063492,0.9640946384531395,1,74.0,54.0,96.0,47.0,Silver
1000,164,2,1772.01,886.0,179.53,5,2.5,21,0,4,1772.01,3544.02,1,1,3540.5478054761893,0.9602567319093828,1,40.0,60.0,96.0,35.0,Bronze
